"FOLLOWERCOUNT","FOLLOWINGCOUNT","FULLNAME","ISFOLLOWED","ISPRIVATE","POSTCOUNT","STATUS","USERID","USERNAME"
"2408","1918","","false","false","34","Removed because follower more than maximum follower","","_nora_la_explorer_"
"2220","4782","","false","false","324","Removed because follower more than maximum follower","","outbound_adventures"
"7880","586","","false","false","462","Removed because follower more than maximum follower","","conchita_pettigrew"
"2743","519","","false","false","38","Removed because follower more than maximum follower","","gridofgermany"
"5590","1955","","false","false","206","Removed because follower more than maximum follower","","notcecil"
"528","2524","","false","false","6","Added to follower list.","","kannon.helland"
"146","1428","","false","true","21","Removed because private","","olaieder"
"600","3503","","false","false","16","Added to follower list.","","around_the_world_travelblogger"
"632","7264","","false","false","23","Added to follower list.","","reisewelt_"
"140","524","","false","false","14","Added to follower list.","","villa_de_moyeng"
"7840","2085","","false","false","78","Removed because follower more than maximum follower","","nicky_traveler"
"1321","1164","","false","false","132","Added to follower list.","","peterthompson_1"
"21235","1581","","false","false","951","Removed because follower more than maximum follower","","_kathyayareliduarte915"
"348","523","","false","false","350","Added to follower list.","","leesummerly"
"1083","1064","","false","false","191","Added to follower list.","","mountainswithbenandspen"
"2549","2090","","false","false","168","Removed because follower more than maximum follower","","jonnorthover"
"333","1401","","false","false","133","Added to follower list.","","mirogdar"
"666","1344","","false","false","75","Added to follower list.","","thebudgethiker"
"97","120","","false","false","40","Added to follower list.","","losing_weight_2019"
"235","488","","false","false","53","Added to follower list.","","dansp2017"
"2341","1828","","false","false","242","Removed because follower more than maximum follower","","craig_adamz"
"1298","2702","","true","false","375","Removed because already followed","","the_mountain_goat1977"
"735","935","","false","false","223","Added to follower list.","","jozsef.danko.5"
"53","367","","false","false","7","Added to follower list.","","sa_photo_click_7366"
"601","1493","","false","false","332","Added to follower list.","","corneygos28"
"483","1034","","false","false","117","Added to follower list.","","laroz10.84"
"465","3072","","false","false","22","Added to follower list.","","m3tt.flo"
"146","1418","","false","false","2","Removed because considered as bot","","fnaidaceae2"
"99","224","","false","false","4","Added to follower list.","","mountain_explorer_uk"
"127","141","","false","false","58","Added to follower list.","","hiking_matt_78"
"150","584","","false","false","586","Added to follower list.","","nordicmark62"
"4478","4569","","false","false","150","Removed because follower more than maximum follower","","steverago"
"200","338","","false","false","14","Added to follower list.","","mymunrodiary"
"154","288","","false","false","25","Added to follower list.","","pureclimb"
"719","3950","","false","false","87","Added to follower list.","","iamjohnmahony"
"1302","1319","","false","false","66","Added to follower list.","","steffi_._a"
"302","425","","false","false","102","Added to follower list.","","peakwalking"
"154","1205","","false","false","1","Removed because considered as bot","","englndpropertis_990"
"3445","5027","","false","false","250","Removed because follower more than maximum follower","","travelmouseberlin"
"798","7105","","false","false","180","Added to follower list.","","wrightdan2000"
"2519","1525","","false","false","64","Removed because follower more than maximum follower","","viewsontheway"
"1373","2920","","false","false","3110","Added to follower list.","","steve.liddiard"
"24428","1506","","false","false","596","Removed because follower more than maximum follower","","jess_ismore"
"2228","803","","false","false","165","Removed because follower more than maximum follower","","mummy_has_a_hobby"
"633","3123","","false","false","6","Added to follower list.","","mylovelyskies97"
"59958","5627","","false","false","487","Removed because follower more than maximum follower","","tvoy.almaty"
"544","4110","","false","false","243","Added to follower list.","","miguel73750"
"70","137","","false","false","60","Added to follower list.","","henselandrefoto"
"6356","4008","","false","true","1422","Removed because private","","jcfitmom24"
"1365","7134","","false","false","297","Added to follower list.","","suitejaynie"
"3633","3487","","false","false","140","Removed because follower more than maximum follower","","erljurgen"
"326","1571","","false","false","182","Added to follower list.","","michaelgavaletzmandotar"
"131","378","","false","false","67","Added to follower list.","","pixelview.media"
"1109","3474","","false","false","192","Added to follower list.","","denzel.helmijr"
"53","84","","false","false","26","Added to follower list.","","andy._3000_"
"197","292","","false","false","52","Added to follower list.","","topis.nikos_"
"1315","6977","","false","false","96","Added to follower list.","","beckerthorst"
"772","2661","","false","false","26","Added to follower list.","","sreeraj_sreenivasan"
"224","311","","false","false","40","Added to follower list.","","s.i.l.v.i.o.kiko"
"25","58","","false","false","5","Added to follower list.","","urlaub_bei_christin.thomas"
"590","5532","","false","false","36","Added to follower list.","","p3dro_lop"
"275","937","","false","false","23","Added to follower list.","","jacksonshoolroy2"
"1071","4368","","false","false","517","Added to follower list.","","phyllis.wood.334"
"82","418","","false","false","23","Added to follower list.","","scoop45"
"162","523","","false","false","56","Added to follower list.","","robertpfountz"
"2330","2221","","false","false","72","Removed because follower more than maximum follower","","rosalia_lobue"
"97","291","","false","false","23","Added to follower list.","","geohiker"
"1653","6357","","false","false","738","Added to follower list.","","ogcatman55"
"470","742","","false","false","28","Added to follower list.","","pauloruttke"
"8543","4259","","false","false","53","Removed because follower more than maximum follower","","shaqttk"
"3317","3785","","false","false","265","Removed because follower more than maximum follower","","_sweet_devil_"
"3503","2317","","false","false","63","Removed because follower more than maximum follower","","riccardo.cervia"
"644","3327","","false","false","784","Added to follower list.","","marcus_slc"
"919","1962","","false","false","195","Added to follower list.","","dougdoddphoto"
"820","3873","","false","false","5","Added to follower list.","","nojo_optic"
"3827","2657","","false","false","125","Removed because follower more than maximum follower","","reika_adventure"
"488","1604","","false","false","86","Added to follower list.","","marcel_gonzalez"
"8704","7387","","false","false","195","Removed because follower more than maximum follower","","kemal.ertus"
"636","3222","","false","false","138","Added to follower list.","","crazyperryfestival"
"517","1240","","false","false","175","Added to follower list.","","khairilumri"
"156","520","","false","false","48","Added to follower list.","","ziggs_75"
"12956","6554","","false","false","272","Removed because follower more than maximum follower","","friendinmaui"
"87","151","","false","false","14","Added to follower list.","","blegge3388"
"15894","5193","","false","false","165","Removed because follower more than maximum follower","","fashion.of.food"
"4150","5221","","false","false","57","Removed because follower more than maximum follower","","waltercunet"
"38","187","","false","false","63","Added to follower list.","","bladerunner0007"
"513","1462","","false","false","93","Added to follower list.","","torewillybritt"
"478","2301","","false","false","20","Added to follower list.","","giorgiogiordi"
"232","292","","false","false","47","Added to follower list.","","robcitt"
"388","320","","false","false","137","Added to follower list.","","mariopro5384"
"2455","2416","","false","false","726","Removed because follower more than maximum follower","","brunooooooooooohhh"
"698","1700","","false","false","1080","Added to follower list.","","fozzybeers"
"94","206","","false","false","15","Added to follower list.","","brgr.ch"
"420","478","","false","false","26","Added to follower list.","","pablo79p"
"661","613","","false","false","64","Added to follower list.","","edsch64"
"3379","2741","","false","false","117","Removed because follower more than maximum follower","","travel__stills"
"320","1066","","false","false","104","Added to follower list.","","rogermaurertyson411"
"161","1427","","false","true","44","Removed because private","","mitha1603"
"198","1456","","false","false","12","Added to follower list.","","tom_willis8"
"181","421","","false","false","22","Added to follower list.","","hechenbergerj"
"898","1546","","false","false","78","Added to follower list.","","kalogernick"
"463","771","","false","false","102","Added to follower list.","","youngrobertsean"
"234","1160","","false","false","98","Added to follower list.","","michaela_grussler"
"201","804","","false","false","28","Added to follower list.","","a.vla"
"476","986","","false","false","662","Added to follower list.","","mario__bacione"
"5662","4293","","false","false","85","Removed because follower more than maximum follower","","deinschweden"
"1099","3583","","false","false","39","Added to follower list.","","wanderlustontheweekends"
"301","1386","","false","false","37","Added to follower list.","","grumpy_digger"
"292","179","","false","false","43","Added to follower list.","","allmountainsite"
"429","2795","","false","false","39","Added to follower list.","","mocochandesu"
"865","2781","","false","false","152","Added to follower list.","","a.novikov.photo"
"686","2302","","false","false","466","Added to follower list.","","ma.rco6938"
"311","497","","false","false","84","Added to follower list.","","danutajer"
"202","304","","false","false","72","Added to follower list.","","meissner.manfred"
"520","1636","","false","false","76","Added to follower list.","","schlexynwa"
"68","143","","false","false","28","Added to follower list.","","jennybellocco6172"
"1632","1965","","false","false","38","Added to follower list.","","owl.lover.ins"
"142","270","","false","false","266","Added to follower list.","","robert_steff"
"4034","2750","","false","false","102","Removed because follower more than maximum follower","","epicafricatravelsa"
"14472","4791","","false","false","480","Removed because follower more than maximum follower","","antonellabiscardi"
"723","1568","","false","false","631","Added to follower list.","","bobmscaesar"
"472","1668","","false","false","0","Removed because considered as bot","","skiing.inss"
"291","1875","","false","false","46","Added to follower list.","","maexxchen22"
"2317","7356","","false","false","143","Removed because follower more than maximum follower","","scott_chen27"
"886","1771","","false","false","273","Added to follower list.","","massimo489"
"1145","1146","","false","false","85","Added to follower list.","","dahlehoel"
"970","763","","false","false","86","Added to follower list.","","frankyskycaptain"
"248","1222","","false","false","166","Added to follower list.","","hubertmaron"
"1043","3798","","false","false","481","Added to follower list.","","charlie_baumann"
"922","840","","false","false","493","Added to follower list.","","meli_forster"
"915","2242","","false","false","64","Added to follower list.","","frank_t_lehmann"
"268","1789","","false","false","287","Added to follower list.","","eduardbarth"
"180","488","","false","false","410","Added to follower list.","","andreascesare"
"297","968","","false","false","48","Added to follower list.","","schoergierich"
"119","277","","false","false","98","Added to follower list.","","hochzeitsaenger"
"334","943","","false","false","146","Added to follower list.","","wernerrabl"
"314","561","","false","false","136","Added to follower list.","","pauliskiii"
"630","1290","","false","false","109","Added to follower list.","","stefanfritzenwallner"
"494","226","","false","false","452","Added to follower list.","","chrissy_sunshine"
"319","1511","","false","false","139","Added to follower list.","","b_keyer"
"101","274","","false","false","115","Added to follower list.","","juergo73"
"137","225","","false","false","43","Added to follower list.","","thomas_wolfesberger"
"878","811","","false","false","47","Added to follower list.","","light_photography_101"
"611","1334","","false","false","261","Added to follower list.","","tenkara_austria"
"2786","3653","","false","false","214","Removed because follower more than maximum follower","","fritz_kowski"
"1311","1429","","false","false","42","Added to follower list.","","fulop_istvan_"
"4547","4499","","false","false","744","Removed because follower more than maximum follower","","simotrip90"
"1391","1370","","false","false","6","Added to follower list.","","niwaki_sushi"
"774","1078","","false","false","307","Added to follower list.","","giolzi"
"182","177","","false","false","5","Added to follower list.","","land_water_and_sky"
"1461","920","","false","false","192","Added to follower list.","","alices_reiseblog"
"2457","1263","","false","false","46","Removed because follower more than maximum follower","","sergio_maciel_de_avila"
"311","633","","false","false","46","Added to follower list.","","dominik.rybka"
"1010","891","","false","false","29","Added to follower list.","","danielhuber20"
"381","5510","","false","false","9","Added to follower list.","","farbenonlineshop"
"224","404","","false","false","1088","Added to follower list.","","baracchiflavio"
"509","2033","","false","false","50","Added to follower list.","","zibi_photography"
"313","417","","false","false","52","Added to follower list.","","fokanic"
"248","472","","false","false","55","Added to follower list.","","peki1989"
"19","525","","false","true","2","Removed because private","","beyondtheridgephotography"
"4271","5675","","false","false","247","Removed because follower more than maximum follower","","hidetides"
"302","212","","false","false","76","Added to follower list.","","veronique_rigot"
"261","594","","false","false","95","Added to follower list.","","traumschaumglueck"
"304","649","","false","false","62","Added to follower list.","","qbsontours"
"196","322","","false","false","181","Added to follower list.","","stefan.klimek.96"
"65","65","","false","false","57","Added to follower list.","","siegfriedspitzenberg"
"1850","1468","","false","false","137","Added to follower list.","","olga_s_i_r_e_n_k_o"
"1302","435","","false","false","110","Added to follower list.","","donatoimagine"
"5497","5008","","false","false","30","Removed because follower more than maximum follower","","brunner_beat"
"748","3125","","false","false","120","Added to follower list.","","fab.ma75"
"1170","2907","","false","false","361","Added to follower list.","","tenz78"
"57","124","","false","false","23","Added to follower list.","","gerald_neumann"
"2087","1996","","false","false","276","Removed because follower more than maximum follower","","gerhard.bichler.5"
"2397","367","","false","false","29","Removed because follower more than maximum follower","","ivolagophotography"
"3053","5395","","false","false","0","Removed because follower more than maximum follower","","kwdeloresad4aai"
"9767","4964","","false","false","303","Removed because follower more than maximum follower","","the.wood.stock"
"1531","6134","","false","false","36","Added to follower list.","","healthdevelopment_dl"
"343","417","","false","false","255","Added to follower list.","","helsingebilder"
"2458","2757","","false","false","198","Removed because follower more than maximum follower","","simone_lorenzon_89"
"850","3074","","false","false","240","Added to follower list.","","xjurgenr"
"476","1414","","false","false","62","Added to follower list.","","vyletyproradost"
"65","122","","false","false","141","Added to follower list.","","h.fran.w"
"294","1221","","false","false","69","Added to follower list.","","terdaxi"
"569","5552","","false","false","543","Added to follower list.","","suatkasavar"
"1301","2289","","false","false","365","Added to follower list.","","francesca.righini"
"1424","903","","false","false","207","Added to follower list.","","pit.globetrotter"
"1175","942","","false","false","196","Added to follower list.","","chkotovec"
"926","4921","","false","false","38","Added to follower list.","","bondooseven"
"1813","4670","","false","false","76","Added to follower list.","","hotelboutiquespadc"
"120","159","","false","false","82","Added to follower list.","","bigheart903"
"664","1149","","false","false","816","Added to follower list.","","aureliorizzo_51"
"5330","1583","","false","false","397","Removed because follower more than maximum follower","","awaken_pilot"
"672","590","","false","true","9","Removed because private","","george_weise27"
"115","322","","false","true","514","Removed because private","","rebo66"
"663","2047","","false","false","238","Added to follower list.","","eziospatti"
"1595","1742","","false","false","868","Added to follower list.","","gabrielcastillo12564"
"416","1020","","false","false","33","Added to follower list.","","fotografandooooo"
"569","2993","","false","false","154","Added to follower list.","","tachanfotografia"
"3050","7471","","false","false","4","Removed because follower more than maximum follower","","kgartei2"
"12717","2595","","false","false","1165","Removed because follower more than maximum follower","","scuba._.diving.hawaii"
"857","5773","","false","false","133","Added to follower list.","","antonprinsloo605"
"1097","4988","","false","false","340","Added to follower list.","","giomancio61"
"770","4625","","false","false","1393","Added to follower list.","","phreddawg"
"701","837","","false","false","179","Added to follower list.","","helmutfricke"
"362","2863","","false","false","35","Added to follower list.","","saffronorginalira"
"1671","1125","","false","false","436","Added to follower list.","","mc_cagnon_91"
"1033","3383","","false","false","163","Added to follower list.","","kjetil.123"
"184","350","","false","false","92","Added to follower list.","","alberto.bernard_"
"1062","1507","","false","false","89","Added to follower list.","","jose.wilde83"
"669","1259","","false","false","296","Added to follower list.","","spirulina_72"
"91","91","","false","false","5","Added to follower list.","","marcontn77"
"732","1729","","false","false","4194","Added to follower list.","","maxsquizz"
"1469","2208","","false","false","662","Added to follower list.","","antoni_artigues"
"1085","1486","","false","false","602","Added to follower list.","","svartulv84"
"141","203","","false","false","236","Added to follower list.","","ronaldwolden"
"272","527","","false","false","88","Added to follower list.","","jose_angelphotography"
"598","1640","","false","false","40","Added to follower list.","","kaeloenes"
"376","822","","false","false","118","Added to follower list.","","raywangen"
"312","589","","false","false","34","Added to follower list.","","the_den_place"
"443","1214","","false","false","379","Added to follower list.","","michael_kubitza"
"684","1250","","false","false","749","Added to follower list.","","reinholdhaase"
"1366","2542","","false","false","43","Added to follower list.","","matt.s211"
"817","1155","","false","false","129","Added to follower list.","","claudius.grafschelling"
"2359","6742","","false","false","146","Removed because follower more than maximum follower","","derio_photo"
"1056","1356","","false","true","935","Removed because private","","purzelfelix_klaus"
"280","1852","","false","false","28","Added to follower list.","","tizio_le_pen"
"406","1247","","false","false","511","Added to follower list.","","virgil_marino"
"373","802","","false","false","287","Added to follower list.","","fausto_52"
"86","123","","false","false","17","Added to follower list.","","tilmanelsner"
"1076","4038","","false","false","245","Added to follower list.","","disoneiravillar"
"1401","2971","","false","false","7876","Added to follower list.","","miri_64_7"
"981","3216","","false","false","180","Added to follower list.","","philip_bb"
"280","1071","","false","false","91","Added to follower list.","","fabiob6804"
"773","1831","","false","false","67","Added to follower list.","","xavierdesmier"
"384","644","","false","false","209","Added to follower list.","","_michaeljquinn_"
"3705","7138","","false","false","151","Removed because follower more than maximum follower","","photographe_ine"
"626","1197","","false","false","105","Added to follower list.","","zampieri.david"
"332","2206","","false","false","25","Added to follower list.","","wub_ethiopia_tours"
"187","1068","","false","false","441","Added to follower list.","","gerschaafsma"
"625","2826","","false","false","477","Added to follower list.","","jimmywang0529"
"124","523","","false","false","70","Added to follower list.","","jamestagram23"
"1571","4165","","false","false","195","Added to follower list.","","downsanbang_nature"
"772","2963","","false","false","225","Added to follower list.","","th_traveller_tb"
"224","718","","false","false","115","Added to follower list.","","clement.try.77"
"496","669","","false","false","23","Added to follower list.","","jackwillsphotography"
"2512","3928","","false","false","404","Removed because follower more than maximum follower","","rouxster"
"826","2840","","false","false","255","Added to follower list.","","windy_bank_beat"
"967","1126","","false","false","496","Added to follower list.","","jayrturf"
"746","1637","","false","false","275","Added to follower list.","","renzocontil"
"489","2082","","false","false","36","Added to follower list.","","ijr_the_photographer"
"447","1037","","false","false","179","Added to follower list.","","gianlu.fornello"
"1060","5163","","false","false","505","Added to follower list.","","robyzoxx"
"2633","5676","","false","false","897","Removed because follower more than maximum follower","","richalazuarte"
"671","2910","","false","false","517","Added to follower list.","","motorradmike"
"550","1044","","false","false","327","Added to follower list.","","_yakov65"
"261","530","","false","false","140","Added to follower list.","","viajesdegregorio"
"193","518","","false","false","69","Added to follower list.","","wakes999"
"1282","370","","false","false","202","Added to follower list.","","adrian_nigg_photography"
"1788","2435","","false","false","681","Added to follower list.","","dagnorengenes"
"172","485","","false","false","9","Added to follower list.","","antoniosoletta"
"1476","3485","","false","false","1552","Added to follower list.","","checophoto"
"497","4310","","false","false","30","Added to follower list.","","geomophoto"
"233","357","","false","false","219","Added to follower list.","","christophe_mucher"
"909","2040","","false","false","393","Added to follower list.","","faparo"
"259","422","","false","false","150","Added to follower list.","","folkertlenz_photography"
"1120","7480","","false","false","57","Added to follower list.","","mansour_sharifat1"
"145","332","","false","false","44","Added to follower list.","","tom_hill_photography"
"129","248","","false","false","83","Added to follower list.","","igorbreznik"
"228","4239","","false","false","2","Removed because considered as bot","","rupket5271d"
"611","2660","","false","false","43","Added to follower list.","","hasan.isbilir.69"
"504","4718","","false","false","222","Added to follower list.","","mauroluizgattamorta"
"595","1019","","false","false","293","Added to follower list.","","vegasra"
"484","2484","","false","false","10","Added to follower list.","","_pcd_photography_"
"224","680","","false","false","131","Added to follower list.","","roberto_vallotto"
"1304","1126","","false","false","792","Added to follower list.","","freenaturfeeling"
"583","684","","false","false","175","Added to follower list.","","fhm.maesnervafilip"
"511","745","","false","false","187","Added to follower list.","","flo_boucherot"
"925","1908","","false","false","733","Added to follower list.","","monikaslupus"
"1134","3608","","false","false","80","Added to follower list.","","zizounizou_photography"
"5927","7029","","false","false","532","Removed because follower more than maximum follower","","michelesartori_"
"1104","2278","","false","false","699","Added to follower list.","","luca_ex_er_bafo"
"784","2591","","false","false","1938","Added to follower list.","","raffabot84"
"66","71","","false","false","15","Added to follower list.","","walikammer"
"462","960","","false","false","238","Added to follower list.","","fotonicq"
"326","215","","false","false","315","Added to follower list.","","arminbaisch"
"212","569","","false","false","43","Added to follower list.","","szaula"
"249","1067","","false","false","148","Added to follower list.","","josefpoetscher"
"745","3828","","false","false","25","Added to follower list.","","karami1601"
"539","1399","","false","false","274","Added to follower list.","","jessicapaigeography"
"936","6116","","false","false","25","Added to follower list.","","aarshahospitality"
"208","657","","false","false","398","Added to follower list.","","zekkei8848"
"380","1953","","false","false","2477","Added to follower list.","","czarnikaleksander"
"1267","6999","","false","false","54","Added to follower list.","","hmpadillac"
"1230","5037","","false","false","5109","Added to follower list.","","amino_horseroma"
"1561","6298","","false","false","115","Added to follower list.","","mimiaustin_"
"383","1101","","false","false","140","Added to follower list.","","d.spencephoto"
"165","253","","false","true","11","Removed because private","","solnegro66"
"40","118","","false","false","5","Added to follower list.","","istanbulshop1453"
"35","100","","false","false","48","Added to follower list.","","karl64schuler"
"212","1513","","false","false","111","Added to follower list.","","hying84"
"1257","3357","","false","false","558","Added to follower list.","","rolskoldblom"
"523","1027","","false","false","41","Added to follower list.","","gg_katuntsev_gg"
"151","3640","","false","false","3","Removed because considered as bot","","matukeweaaa1"
"197","598","","false","false","27","Added to follower list.","","yourgreenheart"
"508","2247","","false","false","11","Added to follower list.","","fico_carmela"
"6580","4642","","false","false","809","Removed because follower more than maximum follower","","terry_j._harper"
"147","470","","false","false","27","Added to follower list.","","stephenmulephotography"
"984","2112","","false","false","877","Added to follower list.","","wushuandy"
"222","1465","","false","false","119","Added to follower list.","","jens_weise_photography"
"224","1043","","false","false","156","Added to follower list.","","_alfopix_"
"404","702","","false","false","22","Added to follower list.","","shepimages"
"678","1045","","false","false","76","Added to follower list.","","emersonjl.m"
"1464","4272","","false","false","822","Added to follower list.","","olivier_photo_barillette"
"12054","1818","","false","false","994","Removed because follower more than maximum follower","","duck_of_insta"
"328","1389","","false","true","12","Removed because private","","a.k_baria"
"86","148","","false","false","153","Added to follower list.","","martinhollandfilms"
"252","2791","","false","false","68","Added to follower list.","","princejohnyungie"
"1357","4199","","false","false","82","Added to follower list.","","_i_am_the_hulk_"
"357","1295","","false","false","218","Added to follower list.","","markr.bradshaw"
"645","3545","","false","false","205","Added to follower list.","","slow_down_tour"
"574","1437","","false","false","78","Added to follower list.","","snowboarding_ski"
"1607","3668","","false","false","597","Added to follower list.","","__adam__tobin__"
"191","511","","false","false","229","Added to follower list.","","mikenakamuraphotography"
"437","703","","false","false","639","Added to follower list.","","peti.wehrli"
"69","155","","false","false","35","Added to follower list.","","stranda_powdermonkeys"
"4060","5579","","false","false","533","Removed because follower more than maximum follower","","scramblingtothesummit"
"894","7500","","false","false","397","Added to follower list.","","oscar_frodo"
"1599","4228","","false","false","2","Removed because considered as bot","","renatolehmann10"
"146","482","","false","false","32","Added to follower list.","","peterbircher"
"1035","1312","","false","false","438","Added to follower list.","","wessneal"
"608","2369","","false","false","33","Added to follower list.","","hend_bouguezzi"
"375","1390","","false","false","24","Added to follower list.","","curtisbevern02"
"433","1233","","false","false","13","Added to follower list.","","megan_goddard_photography"
"359","801","","false","false","124","Added to follower list.","","pericodelospalotes"
"3039","3452","","false","false","142","Removed because follower more than maximum follower","","nezirovski93"
"193","792","","false","false","18","Added to follower list.","","turkeytouristic"
"689","3925","","false","false","1217","Added to follower list.","","jprotherophotographer"
"120","315","","false","false","61","Added to follower list.","","bryankoop"
"558","2093","","false","false","369","Added to follower list.","","agbgds1967"
"896","1178","","false","false","290","Added to follower list.","","dosankomamachan"
"110","728","","false","false","17","Added to follower list.","","amis.nad"
"219","795","","false","false","167","Added to follower list.","","davidhardy_photography"
"271","138","","false","false","128","Added to follower list.","","picture__perfectmoment"
"301","320","","false","false","142","Added to follower list.","","luckzzzy"
"764","1353","","false","false","183","Added to follower list.","","t.hewitt.photo"
"985","2114","","true","false","20","Removed because already followed","","ultralife_pic"
"66","203","","false","false","153","Added to follower list.","","dave_max_ricco"
"111","953","","false","false","5","Added to follower list.","","ryanmyominn"
"43","126","","false","false","6","Added to follower list.","","rubennnn3"
"468","1660","","false","false","534","Added to follower list.","","fotorail"
"120","540","","false","false","56","Added to follower list.","","divadogdiaries10"
"779","1603","","false","false","61","Added to follower list.","","massimiliano.zorloni.71"
"1112","6031","","false","false","234","Added to follower list.","","griggicorrado"
"922","4624","","false","false","1831","Added to follower list.","","rennlawrence"
"366","4812","","false","false","69","Added to follower list.","","johnnykaran"
"1251","4578","","false","false","135","Added to follower list.","","the_canon_kid__97"
"826","4226","","false","false","394","Added to follower list.","","marcelodibu"
"1397","2015","","false","false","190","Added to follower list.","","melektravelklick"
"2954","2033","","false","false","206","Removed because follower more than maximum follower","","senoretbrothers"
"507","1635","","false","false","228","Added to follower list.","","radek_mountains"
"127","428","","false","false","34","Added to follower list.","","oldnikonian"
"707","2156","","false","false","4594","Added to follower list.","","johnmatthews"
"162","229","","false","false","57","Added to follower list.","","wilsonpirtilla"
"47","60","","false","false","6","Added to follower list.","","an.jalo"
"707","1821","","false","false","607","Added to follower list.","","lefebvre1924"
"557","908","","false","false","104","Added to follower list.","","adam.skrzypek.astro"
"20","37","","false","false","8","Added to follower list.","","vladimirgenig"
"997","2576","","false","false","1156","Added to follower list.","","lissinky"
"474","2852","","false","false","9","Added to follower list.","","beauty.nature994"
"293999","7190","","false","false","195","Removed because follower more than maximum follower","","vedran_bozic"
"351","2417","","false","false","108","Added to follower list.","","theweekendwonderer"
"2438","2798","","false","false","1969","Removed because follower more than maximum follower","","martinbenniephotography"
"438","393","","false","false","528","Added to follower list.","","where_we_stood"
"1904","4120","","false","false","885","Added to follower list.","","yannezpyannez"
"2942","7018","","false","false","378","Removed because follower more than maximum follower","","memduh.yilmaz55"
"6989","1477","","false","false","1308","Removed because follower more than maximum follower","","vetexbart"
"328","366","","false","false","61","Added to follower list.","","paulmillarphotography"
"42","173","","false","false","43","Added to follower list.","","mike64elo"
"2252","1106","","false","false","94","Removed because follower more than maximum follower","","markorolc"
"2775","3053","","false","false","436","Removed because follower more than maximum follower","","scharfjue_photography_outdoor"
"727","2665","","false","false","139","Added to follower list.","","hivincenzoh"
"1177","4294","","false","false","141","Added to follower list.","","_my_discoveries_"
"261","637","","false","false","82","Added to follower list.","","federico.lombardo.85"
"159","502","","false","false","182","Added to follower list.","","briangwagner"
"1333","1075","","false","false","747","Added to follower list.","","chrisfletcherphotography"
"265","437","","false","false","526","Added to follower list.","","jmt54"
"981","3290","","false","false","0","Removed because considered as bot","","giovanni.napolitano.560"
"3438","7240","","false","false","294","Removed because follower more than maximum follower","","besttraveldestinationoftheyear"
"1187","4121","","false","false","155","Added to follower list.","","mohsenphotography1"
"198","287","","false","false","124","Added to follower list.","","pietro.beretta89"
"1344","2080","","false","false","1265","Added to follower list.","","chezintuscany"
"2499","5137","","false","false","44","Removed because follower more than maximum follower","","swissphotos_._._"
"673","583","","false","false","1449","Added to follower list.","","baitchev"
"200","1072","","false","false","80","Added to follower list.","","eric_mccaa"
"805","1043","","false","false","187","Added to follower list.","","alexleiss100d"
"74","111","","false","false","46","Added to follower list.","","ivaniclod"
"916","406","","false","false","448","Added to follower list.","","jockecarlstorp"
"1374","2989","","false","false","626","Added to follower list.","","ebert8148"
"1019","639","","false","false","131","Added to follower list.","","christian_outdoor"
"713","2511","","false","false","283","Added to follower list.","","marronnier_fou_de_la_treille"
"129","130","","false","false","73","Added to follower list.","","martinamelzer_photography"
"52","71","","false","false","21","Added to follower list.","","lucabogino"
"83","58","","false","false","53","Added to follower list.","","branezpn"
"592","2488","","false","false","113","Added to follower list.","","10.486716"
"968","7486","","false","false","234","Added to follower list.","","abdotamer1232019"
"370","498","","false","false","1133","Added to follower list.","","blcaton"
"852","1228","","false","false","74","Added to follower list.","","nabiullindinar"
"1074","1795","","false","false","121","Added to follower list.","","lichtkunst_sts"
"541","1198","","false","false","156","Added to follower list.","","fotoevents.ch_walter_gauch"
"151","166","","false","false","21","Added to follower list.","","otselot777"
"1383","1550","","false","false","494","Added to follower list.","","dept_27"
"417","2495","","false","false","78","Added to follower list.","","marcorvalves"
"392","1746","","false","false","109","Added to follower list.","","cindymonger254"
"86","140","","false","false","217","Added to follower list.","","markusphotografart"
"1916","806","","false","false","161","Added to follower list.","","merrybadger"
"413","3478","","false","false","118","Added to follower list.","","harri.u.laaksonen"
"8184","5255","","false","false","550","Removed because follower more than maximum follower","","adventurefelling"
"250","716","","false","false","147","Added to follower list.","","joesteger"
"937","3615","","false","false","128","Added to follower list.","","nicole_staffazepf"
"280","483","","false","false","276","Added to follower list.","","gott_tone"
"880","6563","","false","false","161","Added to follower list.","","abdusalom_ubadullaev"
"644","2184","","false","false","349","Added to follower list.","","italyphotoservice"
"65","136","","false","false","5","Added to follower list.","","nenosunendro"
"155","612","","false","false","73","Added to follower list.","","richardstourexperiences"
"132","487","","false","false","58","Added to follower list.","","mb_phototravel"
"167","507","","false","false","313","Added to follower list.","","chris_snll"
"114928","4421","","false","false","427","Removed because follower more than maximum follower","","jonhilmarssonphotography"
"208","1214","","false","false","49","Added to follower list.","","vajeeh999"
"933","5001","","false","false","42","Added to follower list.","","kayakingfans"
"233","619","","false","false","6","Added to follower list.","","travelsforexposures"
"635","1523","","false","false","2175","Added to follower list.","","bradnsheilah"
"85","273","","false","false","29","Added to follower list.","","jura_photo39"
"759","2170","","false","false","847","Added to follower list.","","kevvhayes1972"
"2755","7486","","false","false","555","Removed because follower more than maximum follower","","jo.rge9348"
"985","4412","","false","false","401","Added to follower list.","","fernandonunez99"
"1472","1025","","false","false","920","Added to follower list.","","v2osk"
"681","851","","false","false","116","Added to follower list.","","mikelarrazola"
"1119","482","","false","false","235","Added to follower list.","","mari_moe_"
"1053","3220","","false","false","1689","Added to follower list.","","brianhockley"
"1261","7404","","false","false","454","Added to follower list.","","roma_oslo_reykjavik"
"2492","6465","","false","false","1566","Removed because follower more than maximum follower","","nex3sony"
"176","942","","false","false","0","Removed because considered as bot","","monne.ching05"
"205","512","","false","true","185","Removed because private","","mrlucky923"
"44","100","","false","false","32","Added to follower list.","","patrickvo1959"
"426","1004","","false","false","426","Added to follower list.","","cris.qua65"
"111","330","","false","false","19","Added to follower list.","","dennisklausphotographie"
"135","1102","","false","false","25","Added to follower list.","","eddiekahin"
"566","1450","","false","false","509","Added to follower list.","","jeffwilkinsonpics"
"462","975","","false","false","26","Added to follower list.","","perezjr.jose"
"464","1129","","false","false","841","Added to follower list.","","ikon1229"
"406","2080","","false","false","33","Added to follower list.","","martindeisenberger"
"303","1166","","false","false","577","Added to follower list.","","christiantrabert"
"426","1156","","false","false","402","Added to follower list.","","paolopettinato"
"242","568","","false","false","336","Added to follower list.","","dave0357"
"150","1114","","false","false","45","Added to follower list.","","hajjimourad273"
"827","2954","","false","false","166","Added to follower list.","","silvi_bauho"
"335","2199","","false","false","464","Added to follower list.","","chowhound52"
"186","554","","false","false","82","Added to follower list.","","ephotography3005"
"260","1015","","false","false","40","Added to follower list.","","sebastiano_parrucchiere"
"567","3893","","false","false","546","Added to follower list.","","brianroanhorse"
"424","1053","","false","false","681","Added to follower list.","","ilinbennett"
"164","946","","false","false","41","Added to follower list.","","jon_es666"
"164","710","","false","false","543","Added to follower list.","","rhawk454"
"471","4249","","false","false","163","Added to follower list.","","helsonfer"
"248","576","","false","false","930","Added to follower list.","","shiiitz"
"1028","3162","","false","false","240","Added to follower list.","","steve_m_hix"
"616","2884","","false","false","71","Added to follower list.","","charliesloan13"
"188","988","","false","false","30","Added to follower list.","","zub.photo"
"25","50","","false","false","59","Added to follower list.","","messa_de"
"665","1924","","false","false","194","Added to follower list.","","diarmuidkavanagh"
"335","2492","","false","false","85","Added to follower list.","","19toretto83"
"535","1739","","false","false","287","Added to follower list.","","haitskejl"
"1416","5447","","false","false","697","Added to follower list.","","realoldfisherman"
"96","212","","false","false","104","Added to follower list.","","vonnsche_aus_berlin"
"382","497","","false","false","175","Added to follower list.","","rodrigozuazua"
"3189","4876","","false","false","583","Removed because follower more than maximum follower","","worldshares"
"367","336","","false","false","71","Added to follower list.","","garyschwilling"
"1698","1486","","false","false","77","Added to follower list.","","okiem_tomka"
"1442","1987","","false","false","116","Added to follower list.","","cpallender"
"391","1917","","false","false","77","Added to follower list.","","ivan.a.moraga"
"343","444","","false","false","8","Added to follower list.","","ramonapoelzlbauer"
"153","678","","false","false","60","Added to follower list.","","charmahei"
"74","216","","false","false","27","Added to follower list.","","fotofreund100"
"1381","4313","","false","false","588","Added to follower list.","","annett_mirsberger_fotografie"
"716","7496","","false","false","293","Added to follower list.","","tour_de_rakaposhi"
"352","910","","false","false","107","Added to follower list.","","olmer_pinchao"
"36","110","","false","false","53","Added to follower list.","","petraline007"
"1101","1612","","false","false","121","Added to follower list.","","claus_fisser"
"233","1036","","false","false","28","Added to follower list.","","photography_rafael.l.g"
"576","472","","false","false","36","Added to follower list.","","francoisbordeyne"
"360","610","","false","false","384","Added to follower list.","","rudiparadeis"
"128","292","","false","false","90","Added to follower list.","","gernot_24"
"74","260","","false","false","41","Added to follower list.","","ericslightjar"
"51","93","","false","false","17","Added to follower list.","","beverlyinverarity"
"4343","6988","","false","false","234","Removed because follower more than maximum follower","","milkomarchetti"
"67","123","","false","false","39","Added to follower list.","","adamalbin71"
"154","412","","false","false","70","Added to follower list.","","alandavidbrunelle"
"558","4110","","false","false","166","Added to follower list.","","jed_charlesworth"
"671","308","","false","false","409","Added to follower list.","","born_free_photography"
"318","1705","","false","false","33","Added to follower list.","","daveyshanko"
"338","1309","","false","false","148","Added to follower list.","","j053ph_85"
"315","244","","false","false","34","Added to follower list.","","peter_sotiris_m_g"
"1245","1295","","false","false","223","Added to follower list.","","fredhasl"
"791","4590","","false","false","190","Added to follower list.","","ryanchornick"
"161","474","","false","false","560","Added to follower list.","","maradtetsud"
"2658","2505","","false","false","21","Removed because follower more than maximum follower","","feuerbachphoto"
"380","1255","","false","false","241","Added to follower list.","","wrightrich22"
"275","1990","","false","false","65","Added to follower list.","","malik406fr"
"4806","7456","","false","false","245","Removed because follower more than maximum follower","","inkedft31500"
"951","6920","","false","false","72","Added to follower list.","","happiness_one_click"
"1164","3488","","false","false","157","Added to follower list.","","elin_jakobsen"
"183","4115","","false","false","10","Added to follower list.","","pualmendy"
"520","2950","","false","false","131","Added to follower list.","","robert_barnes_photography"
"2402","781","","false","false","93","Removed because follower more than maximum follower","","travel_queen_spp"
"575","567","","false","false","360","Added to follower list.","","warren.curtis.731"
"940","5840","","false","false","247","Added to follower list.","","j.r.milne"
"478","1555","","false","false","135","Added to follower list.","","jeremypgray"
"103","329","","false","false","268","Added to follower list.","","robwattsphotography"
"451","822","","false","false","10","Added to follower list.","","oscarespig1"
"295","1062","","false","false","121","Added to follower list.","","nikoncameract"
"479","1015","","false","false","653","Added to follower list.","","gomezsal"
"380","689","","false","false","762","Added to follower list.","","luiscastillo1973"
"177","320","","false","false","157","Added to follower list.","","bepsierra"
"1707","4689","","false","false","1670","Added to follower list.","","hirakbhat"
"741","3308","","false","false","325","Added to follower list.","","rosatogiuseppe"
"438","551","","false","false","77","Added to follower list.","","photo_simone"
"1134","1530","","false","false","370","Added to follower list.","","m.g.danna"
"1595","2588","","false","false","1205","Added to follower list.","","shagonaroc"
"88","180","","false","false","185","Added to follower list.","","josemariagr58"
"164","972","","false","false","34","Added to follower list.","","krzysztoftoto"
"196","299","","false","false","89","Added to follower list.","","pamelainverarity"
"227","418","","false","false","30","Added to follower list.","","parabaldie_photography"
"565","4072","","false","false","407","Added to follower list.","","josebaaristizabal"
"3961","6544","","false","false","1302","Removed because follower more than maximum follower","","suroor1980"
"106","396","","false","false","18","Added to follower list.","","danielscottphoto"
"397","1915","","false","false","9","Added to follower list.","","tadeusz.wegrzyn"
"161","540","","false","false","52","Added to follower list.","","andrea_vidich_"
"1177","7495","","false","false","109","Added to follower list.","","fahmisaoudi17"
"123","259","","false","false","54","Added to follower list.","","seyle_photography"
"213","350","","false","false","23","Added to follower list.","","minopiazzini"
"26","46","","false","false","13","Added to follower list.","","adam.bielak.54"
"462","4231","","false","false","235","Added to follower list.","","marekvostik"
"226","1515","","false","false","24","Added to follower list.","","robertodittrich"
"298","806","","false","false","13","Added to follower list.","","ivancipica"
"1069","5229","","false","false","162","Added to follower list.","","grace.cheung.182"
"86","49","","false","false","17","Added to follower list.","","finland_country_photos"
"557","828","","false","false","129","Added to follower list.","","nuno_marnoco"
"271","1436","","false","false","59","Added to follower list.","","merilovemountain"
"227","714","","false","false","70","Added to follower list.","","roamer_ds"
"236","469","","false","false","9","Added to follower list.","","explooora"
"722","5854","","false","false","236","Added to follower list.","","charlie_the_artist2007"
"433","1088","","false","false","47","Added to follower list.","","isa_mudhafar77"
"340","523","","false","false","820","Added to follower list.","","lousnookman"
"290","239","","false","false","500","Added to follower list.","","o.jin_photographer"
"422","1627","","false","false","101","Added to follower list.","","alexispa207"
"271","713","","false","false","196","Added to follower list.","","freeflystilli"
"466","578","","false","false","154","Added to follower list.","","hrosasg"
"3299","1456","","false","false","316","Removed because follower more than maximum follower","","fotographix.ch"
"3005","7499","","false","false","1647","Removed because follower more than maximum follower","","poshey_aherne_photography"
"423","1801","","false","false","87","Added to follower list.","","couch_ja"
"882","7423","","false","true","8","Removed because private","","john.m245"
"293","2002","","false","false","321","Added to follower list.","","mike_h"
"412","2942","","false","false","127","Added to follower list.","","pindio10"
"268","1708","","false","false","379","Added to follower list.","","see_savannah"
"882","1202","","false","false","44","Added to follower list.","","chrissweetapplephotography"
"466","1116","","false","false","474","Added to follower list.","","markus.durrer"
"1288","4640","","false","false","5059","Added to follower list.","","hunter20paul"
"946","1497","","false","false","472","Added to follower list.","","paflagonya_74"
"1901","2991","","false","false","1522","Added to follower list.","","parthena_74"
"253","1037","","false","false","27","Added to follower list.","","bradthompsonphoto"
"127","522","","false","false","141","Added to follower list.","","reno_foto"
"205","498","","false","false","68","Added to follower list.","","hugo_photographie_"
"105","473","","false","false","35","Added to follower list.","","evrikayao"
"843","1347","","false","false","81","Added to follower list.","","learningthelens"
"768","5086","","false","false","165","Added to follower list.","","mras.ph"
"331","857","","false","false","248","Added to follower list.","","ronaldclaussfotografie"
"763","453","","false","false","848","Added to follower list.","","edsonvargas"
"3529","196","","false","false","40","Removed because follower more than maximum follower","","mutlucaptain"
"484","797","","false","false","68","Added to follower list.","","jo____ao"
"103","224","","false","false","77","Added to follower list.","","fxl78"
"306","1951","","false","false","11","Added to follower list.","","grzegorz.kisielewicz"
"90","372","","false","true","29","Removed because private","","texas2040"
"231","803","","false","false","91","Added to follower list.","","photobyevi"
"138","336","","false","false","94","Added to follower list.","","martin.eggimann"
"967","2372","","false","false","75","Added to follower list.","","josefgmachado"
"961","1217","","false","false","274","Added to follower list.","","tommytoro"
"1098","5233","","false","false","339","Added to follower list.","","papybounty"
"339","1143","","false","false","354","Added to follower list.","","jimart.photo"
"6234","988","","false","false","138","Removed because follower more than maximum follower","","awesome_dolomites"
"47","181","","false","false","142","Added to follower list.","","ericbergiers"
"2763","1652","","false","false","2764","Removed because follower more than maximum follower","","jonnynorman7"
"407","1383","","false","false","90","Added to follower list.","","fender879"
"446","1489","","false","false","175","Added to follower list.","","megeetim"
"548","2403","","false","false","346","Added to follower list.","","oudjat27"
"147","271","","false","false","11","Added to follower list.","","chesterix1"
"51","113","","false","false","13","Added to follower list.","","borek014"
"5512","3838","","false","false","374","Removed because follower more than maximum follower","","sergio__cipriano"
"150","349","","false","false","207","Added to follower list.","","sebmenec"
"342","1131","","false","false","162","Added to follower list.","","conradecember"
"121","716","","false","false","76","Added to follower list.","","garci49"
"623","2558","","false","false","86","Added to follower list.","","black_sky75"
"22","46","","false","false","22","Added to follower list.","","laurencin27"
"218","676","","false","false","175","Added to follower list.","","andreas.bischof"
"316","557","","false","false","198","Added to follower list.","","borowietzki"
"476","1159","","false","false","86","Added to follower list.","","rodel.patrick"
"658","2425","","false","false","134","Added to follower list.","","photofl.nature"
"268","393","","false","false","267","Added to follower list.","","framabra"
"1229","1380","","false","false","284","Added to follower list.","","wolfganghoh"
"763","1055","","false","false","52","Added to follower list.","","travel_photos_stone"
"1293","664","","false","false","90","Added to follower list.","","alsanphotography"
"355","1670","","false","false","194","Added to follower list.","","mikejacobs_mjphoto"
"445","869","","false","false","2","Removed because considered as bot","","franckpelli"
"309","1161","","false","false","14","Added to follower list.","","rafaelmarquesgomes"
"1057","7483","","false","false","2824","Added to follower list.","","michael.borst.64_official"
"266","295","","false","false","53","Added to follower list.","","mistyfly_gh"
"411","1253","","false","false","161","Added to follower list.","","yanomic_"
"1017","1904","","false","false","1069","Added to follower list.","","jontxu1969"
"570","1363","","false","false","1317","Added to follower list.","","victor_quirovida"
"146","522","","false","false","49","Added to follower list.","","osamu627715"
"5529","6124","","false","false","401","Removed because follower more than maximum follower","","gilmessager"
"1703","5386","","false","false","163","Added to follower list.","","silviogioia"
"262","1083","","false","false","308","Added to follower list.","","gazza1d"
"1000","6629","","false","false","519","Added to follower list.","","enniocarnesella"
"496","1944","","false","false","339","Added to follower list.","","hrob57r7"
"1069","5015","","false","false","311","Added to follower list.","","karstenlatz"
"1832","7472","","false","false","1272","Added to follower list.","","amnonart"
"4606","6940","","false","false","3719","Removed because follower more than maximum follower","","uomosenzamondo"
"198","533","","false","false","251","Added to follower list.","","lucasl_rocha"
"274","720","","false","false","73","Added to follower list.","","g.reto"
"1541","7506","","false","false","697","Added to follower list.","","mrzoologe"
"1768","7500","","false","false","249","Added to follower list.","","bouteexpeditions"
"351","1738","","false","false","42","Added to follower list.","","stuart.moore.59"
"219","357","","false","false","264","Added to follower list.","","jennywolfie"
"760","3950","","false","false","142","Added to follower list.","","markuspeter1954"
"357","836","","false","false","47","Added to follower list.","","daniel_angehrn"
"625","2334","","false","false","39","Added to follower list.","","_datflo_"
"154","1119","","false","false","6","Added to follower list.","","withnothingend"
"120","117","","false","false","28","Added to follower list.","","satu.markett"
"151","660","","false","false","66","Added to follower list.","","georgi.dimov.792"
"789","6688","","false","false","53","Added to follower list.","","gideon_arms"
"146","383","","false","false","238","Added to follower list.","","thomasmiller2393"
"4439","7497","","false","false","7796","Removed because follower more than maximum follower","","__s_r__pics"
"1971","1031","","false","false","44","Added to follower list.","","marco_de_cesero"
"1710","1796","","false","false","160","Added to follower list.","","p.volodichev"
"3571","7448","","false","false","37","Removed because follower more than maximum follower","","sebast_zt"
"638","373","","false","false","266","Added to follower list.","","sealavie5909"
"152","283","","false","false","134","Added to follower list.","","echigo_nagaoka"
"3855","6897","","false","false","198","Removed because follower more than maximum follower","","bruno.kernen"
"175","560","","false","false","270","Added to follower list.","","ivanlok420742"
"163","517","","false","false","107","Added to follower list.","","natureisgodsgifts"
"249","426","","false","false","895","Added to follower list.","","garland.dave"
"448","1025","","false","false","54","Added to follower list.","","laucci88"
"88","636","","false","false","8","Added to follower list.","","vjexcursions"
"350","1066","","false","false","1201","Added to follower list.","","dirk21077"
"998","688","","false","false","305","Added to follower list.","","chrisnaton"
"298","995","","false","false","25","Added to follower list.","","supernovaeghost"
"212","580","","false","false","42","Added to follower list.","","mattiapangos"
"32","112","","false","true","111","Removed because private","","pap.alek.trailers"
"1023","3200","","false","false","164","Added to follower list.","","fabrizio_santangelo73"
"398","661","","false","false","20","Added to follower list.","","bradley_white_photography"
"1258","2228","","false","false","95","Added to follower list.","","ilariomassarente"
"176","375","","false","false","137","Added to follower list.","","marcopedraza"
"594","709","","false","false","243","Added to follower list.","","albertsalichspelegri"
"1459","2226","","false","false","220","Added to follower list.","","tomasthales"
"251","471","","false","false","108","Added to follower list.","","zedron78"
"650","3000","","false","false","389","Added to follower list.","","garikfedorovish"
"253","1379","","false","false","111","Added to follower list.","","rapdog78"
"375","2395","","false","false","107","Added to follower list.","","davidw_milieu"
"294","752","","false","false","37","Added to follower list.","","rop_tyrol"
"2080","3864","","false","false","213","Removed because follower more than maximum follower","","paigejagielski"
"592","5983","","false","false","69","Added to follower list.","","_feelsogood68"
"1078","1341","","false","false","72","Added to follower list.","","all_kind_of_art_photography"
"147","726","","false","false","47","Added to follower list.","","aa4180501"
"834","5469","","false","false","11","Added to follower list.","","adam7624"
"1785","6295","","false","false","65","Added to follower list.","","zumschweizer"
"231","412","","false","false","70","Added to follower list.","","gerdhold.51"
"896","4883","","false","true","115","Removed because private","","ramywiss"
"312","759","","false","false","475","Added to follower list.","","peterrentsch"
"6027","7499","","false","false","231","Removed because follower more than maximum follower","","photographicworld_99"
"245","1842","","false","false","79","Added to follower list.","","the.highlands.expeditions"
"939","3265","","false","false","2345","Added to follower list.","","astyazhkov"
"1589","1851","","false","false","339","Added to follower list.","","matveysochi"
"1129","5719","","false","false","966","Added to follower list.","","walkswithaview"
"834","1854","","false","false","427","Added to follower list.","","johnstonimages"
"2580","7362","","false","false","1211","Removed because follower more than maximum follower","","marcojulian95"
"1866","7226","","false","false","158","Added to follower list.","","florianliefeld"
"94","217","","false","false","40","Added to follower list.","","raffael_milicevic"
"1266","4498","","false","false","54","Added to follower list.","","hotel_akvatorya_samara"
"584","1154","","false","false","296","Added to follower list.","","heikostein"
"1011","897","","false","false","457","Added to follower list.","","ashrouten"
"454","1889","","false","true","33","Removed because private","","golzale9017"
"105","2869","","false","false","12","Added to follower list.","","blessing_gambia"
"1276","7486","","false","false","140","Added to follower list.","","niltonmotta96"
"414","718","","false","false","384","Added to follower list.","","gu2g"
"105","479","","false","false","27","Added to follower list.","","portillachr"
"156","764","","false","false","228","Added to follower list.","","noble.len"
"350","2092","","false","false","61","Added to follower list.","","voyageglobetour"
"80","196","","false","false","26","Added to follower list.","","gawelino"
"1326","6745","","false","false","441","Added to follower list.","","pablolarreal"
"260","1709","","false","false","22","Added to follower list.","","imlil_trekking"
"195","367","","false","false","71","Added to follower list.","","andreas.herz.104"
"748","828","","false","false","227","Added to follower list.","","ocramziu"
"500","3953","","false","false","119","Added to follower list.","","giuseppe.marani.37"
"816","6740","","false","false","106","Added to follower list.","","axelmay1967"
"391","1277","","false","false","404","Added to follower list.","","pitakergram"
"306","1058","","false","false","233","Added to follower list.","","wilhaem"
"112","151","","false","false","54","Added to follower list.","","magnusjeppsson"
"213","452","","false","false","114","Added to follower list.","","le.mika_summit_seeker"
"1142","2933","","false","false","621","Added to follower list.","","catch_the_day58"
"654","633","","false","false","183","Added to follower list.","","pierluigic93"
"1932","1740","","false","false","96","Added to follower list.","","lucacrucianiphotographer"
"418","1086","","false","false","332","Added to follower list.","","paulmcinsta123"
